text,label
computer,tv
display,tv
monitor,tv
television,tv
tv,tv
computer para el viaje,tv
display para el viaje,tv
monitor para el viaje,tv
television para el viaje,tv
tv para el viaje,tv
computer por la noche,tv
display por la noche,tv
monitor por la noche,tv
television por la noche,tv
tv por la noche,tv
nuevo computer,tv
nuevo display,tv
nuevo monitor,tv
nuevo television,tv
nuevo tv,tv
computer después del trabajo,tv
display después del trabajo,tv
monitor después del trabajo,tv
television después del trabajo,tv
tv después del trabajo,tv
computer este fin de semana,tv
display este fin de semana,tv
monitor este fin de semana,tv
television este fin de semana,tv
tv este fin de semana,tv
computer el lunes,tv
display el lunes,tv
monitor el lunes,tv
television el lunes,tv
tv el lunes,tv
configurar el computer,tv
configurar el display,tv
configurar el monitor,tv
configurar el television,tv
configurar el tv,tv
terminar computer,tv
terminar display,tv
terminar monitor,tv
terminar television,tv
terminar tv,tv
computer semanal,tv
display semanal,tv
monitor semanal,tv
television semanal,tv
tv semanal,tv
configurar computer,tv
configurar display,tv
configurar monitor,tv
configurar television,tv
configurar tv,tv
configruar tv,tv
compter el lunes,tv
nueov display,tv
dispaly para el viaje,tv
tv paraa el viaje,tv
